{"stat.useItem.minecraft.glass":16,"stat.useItem.minecraft.stone_slab":16,"stat.walkOneCm":128584,"stat.useItem.minecraft.torch":4,"achievement.openInventory":35,"stat.useItem.minecraft.barrier":3,"stat.leaveGame":1,"stat.useItem.minecraft.log":52,"stat.damageTaken":320,"stat.mobKills":1,"stat.noteblockTuned":3,"stat.flyOneCm":695272,"stat.mineBlock.minecraft.planks":4,"stat.useItem.minecraft.cobblestone_wall":3,"stat.jump":550,"stat.playOneMinute":72552,"stat.fallOneCm":3531,"stat.useItem.minecraft.planks":515,"stat.damageDealt":220,"stat.useItem.minecraft.wool":102,"stat.crouchOneCm":1025,"stat.timeSinceDeath":72552,"stat.useItem.minecraft.birch_stairs":1,"stat.useItem.minecraft.dirt":19,"stat.sprintOneCm":52179,"stat.useItem.minecraft.sign":3,"stat.useItem.minecraft.wooden_slab":6,"stat.killEntity.Pig":1,"achievement.exploreAllBiomes":{"value":0,"progress":["Plains"]},"stat.useItem.minecraft.fence":13}