{"stat.walkOneCm":173383,"stat.useItem.minecraft.quartz_block":47,"achievement.openInventory":7,"stat.useItem.minecraft.barrier":8,"stat.leaveGame":10,"stat.useItem.minecraft.sponge":1,"stat.damageTaken":240,"stat.useItem.minecraft.gold_block":5,"stat.flyOneCm":579080,"stat.deaths":1,"stat.jump":633,"stat.playOneMinute":175526,"stat.useItem.minecraft.planks":29,"stat.fallOneCm":269,"stat.crouchOneCm":15803,"stat.useItem.minecraft.wool":87,"stat.timeSinceDeath":17833,"stat.useItem.minecraft.dirt":1,"stat.sprintOneCm":66750,"achievement.exploreAllBiomes":{"value":0,"progress":["Plains"]}}