{"stat.beaconInteraction":1,"stat.useItem.minecraft.quartz_block":24,"stat.useItem.minecraft.stone":130,"stat.useItem.minecraft.repeater":10,"stat.leaveGame":8,"stat.useItem.minecraft.sponge":1,"stat.useItem.minecraft.beacon":5,"stat.killEntity.Slime":66,"stat.useItem.minecraft.skull":1,"stat.useItem.minecraft.carpet":25,"stat.useItem.minecraft.potion":308,"stat.useItem.minecraft.stained_glass_pane":58,"stat.jump":212,"stat.useItem.minecraft.snow":8,"stat.useItem.minecraft.planks":492,"stat.useItem.minecraft.piston":9,"stat.crouchOneCm":4199,"stat.craftItem.minecraft.banner":2,"stat.useItem.minecraft.redstone_torch":2,"stat.useItem.minecraft.dirt":257,"stat.useItem.minecraft.stone_button":7,"achievement.exploreAllBiomes":{"value":0,"progress":["Plains"]},"stat.craftingTableInteraction":1,"stat.useItem.minecraft.red_flower":2,"stat.useItem.minecraft.sapling":13,"stat.useItem.minecraft.redstone_lamp":7,"stat.damageTaken":116,"stat.useItem.minecraft.dark_oak_fence":44,"stat.useItem.minecraft.stone_brick_stairs":59,"stat.useItem.minecraft.gold_block":1,"stat.noteblockTuned":6,"stat.useItem.minecraft.spruce_fence_gate":35,"stat.flyOneCm":662696,"stat.damageDealt":305,"stat.useItem.minecraft.wool":240,"stat.timeSinceDeath":148091,"stat.useItem.minecraft.fence_gate":8,"stat.useItem.minecraft.sign":16,"stat.useItem.minecraft.crafting_table":1,"stat.useItem.minecraft.wooden_slab":605,"stat.useItem.minecraft.iron_bars":48,"stat.useItem.minecraft.noteblock":4,"stat.walkOneCm":197199,"stat.useItem.minecraft.torch":8,"stat.useItem.minecraft.log":602,"stat.useItem.minecraft.comparator":4,"stat.useItem.minecraft.oak_stairs":150,"stat.useItem.minecraft.cobblestone":18,"stat.useItem.minecraft.dark_oak_fence_gate":8,"stat.useItem.minecraft.gravel":6,"stat.useItem.minecraft.dark_oak_stairs":23,"stat.useItem.minecraft.redstone_block":5,"stat.useItem.minecraft.redstone":21,"stat.useItem.minecraft.sea_lantern":3,"stat.useItem.minecraft.spruce_stairs":27,"stat.mineBlock.minecraft.wool":3,"stat.useItem.minecraft.spruce_fence":48,"stat.useItem.minecraft.stained_hardened_clay":44,"stat.useItem.minecraft.dropper":2,"stat.useItem.minecraft.trapdoor":38,"stat.useItem.minecraft.leaves":62,"stat.sprintOneCm":37613,"stat.useItem.minecraft.diamond_block":42,"stat.useItem.minecraft.stained_glass":19,"stat.useItem.minecraft.fence":48,"stat.useItem.minecraft.stone_stairs":46,"stat.useItem.minecraft.stone_slab":195,"achievement.openInventory":175,"stat.useItem.minecraft.barrier":1,"stat.useItem.minecraft.wooden_button":3,"stat.useItem.minecraft.hopper":1,"stat.mobKills":66,"stat.useItem.minecraft.stonebrick":161,"stat.useItem.minecraft.dye":52,"stat.useItem.minecraft.cobblestone_wall":89,"stat.playOneMinute":148091,"stat.useItem.minecraft.banner":13,"stat.useItem.minecraft.birch_stairs":70}