{"stat.walkOneCm":320311,"stat.useItem.minecraft.torch":85,"stat.useItem.minecraft.stone":33,"stat.pickup.minecraft.wooden_axe":2,"stat.leaveGame":87,"stat.useItem.minecraft.log":26,"stat.useItem.minecraft.oak_stairs":34,"stat.jump":490,"stat.swimOneCm":90,"stat.pickup.minecraft.compass":3,"stat.useItem.minecraft.planks":112,"stat.fallOneCm":53325,"stat.useItem.minecraft.spruce_stairs":18,"stat.pickup.minecraft.stone":2,"stat.crouchOneCm":9345,"stat.mineBlock.minecraft.wool":1,"stat.useItem.minecraft.stained_hardened_clay":9,"stat.useItem.minecraft.dirt":2,"stat.useItem.minecraft.diamond_block":2,"stat.sprintOneCm":6468,"achievement.exploreAllBiomes":{"value":0,"progress":["Plains"]},"stat.useItem.minecraft.glass":2,"stat.useItem.minecraft.stone_slab":17,"achievement.openInventory":67,"stat.useItem.minecraft.barrier":46,"stat.damageTaken":4840,"stat.useItem.minecraft.stonebrick":1,"stat.pickup.minecraft.planks":1,"stat.flyOneCm":442993,"stat.deaths":12,"stat.mineBlock.minecraft.planks":1,"stat.playOneMinute":353194,"stat.pickup.minecraft.torch":2,"stat.mineBlock.minecraft.glass":1,"stat.sneakTime":4347,"stat.pickup.minecraft.wool":5,"stat.useItem.minecraft.wool":37,"stat.timeSinceDeath":15882,"stat.useItem.minecraft.fence_gate":10,"stat.diveOneCm":5051}